AREA_NUM,AREA_NAME,ISW,PDES,PTOL,PNET,PGEN,PLOAD
1,,0,0.0,5.0,0.0,33721.0,32412.1796875
2,,0,0.0,5.0,0.0,38201.73046875,38753.55078125
3,,0,0.0,5.0,0.0,65911.953125,65433.78125
4,,0,0.0,5.0,0.0,2458.000244140625,2207.18798828125
