omega_n,omega_d,freq_hz,zeta,amplitude,phase,omega_fft
4.659597443509879,4.623912528120403,0.7415979659529559,0.12352362876289918,0.05431233444776321,-1.9133027271845446,4.70243523223981
6.994302841174742,6.9628362914568385,1.113177870654648,0.09474980701316656,0.03033750130797822,-0.6596419975751948,7.088225184520279
3.458665983870537,3.4451404908960184,0.5504637878367895,0.08835115541768263,0.01220018864908956,-1.9304999119658226,3.3282351731904782
1.4431705007123994,1.3766969149580799,0.22968771891278403,0.29999999999999993,0.0028916548122895473,1.848626744579933,1.3744480967213835
0.7461289667916082,0.7461225832943353,0.11875011324893307,0.004136532654800448,0.0006567733747811598,2.15382003214357,0.7853989124122192
