omega_n,omega_d,freq_hz,zeta,amplitude,phase,omega_fft
4.661368965811116,4.627636279489243,0.7418799124839952,0.12008716372231394,0.05448390571726236,-1.9002908000871834,4.701299182526155
6.994511888181329,6.96335878876251,1.1132111415190848,0.0942763593145485,0.03029607123528756,-0.6603955029271469,7.088225184520279
3.4737283050731715,3.46145403092195,0.5528610307106266,0.08399066195255096,0.012560061589594235,-1.932290032181855,3.3564532796546627
1.4431705015574525,1.3775609244859257,0.22968771904727842,0.29808961379424875,0.0027592967927059057,2.0586592505499226,1.3744480967213835
0.7461289667916082,0.7461289630609633,0.11875011324893307,0.00010000000000000002,0.0005440575378652462,2.2713947293674868,0.7853989124122192
