signal,column,init,swing,max,min
P,LDDL P,122.9278564453125,3.021848201751709,125.70534944534302,122.67577648162842
Q,LDDL Q,55.94794154167175,1.865917444229126,57.664769887924194,55.79402446746826
OS_P,LDDL OS P,100.0,100.0,100.0,0.0
OS_Q,LDDL OS Q,0.0,0.0,0.0,0.0
BUS_VOLTAGE,LDDL BUS VOLTAGE,0.9529956579208374,0.023426830768585205,0.9745280742645264,0.9510414004325868
